label,precision,recall,f1-score,support
0,0.71134,0.558838,0.625934,2099.0
1,0.273725,0.42303,0.332381,825.0
accuracy,0.52052,0.52052,0.52052,0.52052
macro avg,0.492533,0.490934,0.479157,2924.0
weighted avg,0.587868,0.52052,0.543109,2924.0
